{
    "intrinsic" :   [
                        [1736.44412342036, 0, 0],
                        [0, 1738.88906934853, 0],
                        [1024.57481748970, 740.973046774663, 1]
                    ],

    "extrinsic" :   [
                        [-0.0180365516811317, 0.0576170153735528, 0.998175817350279],
                        [-0.999811987408103, 0.00606844352776797, -0.0184164010656284],
                        [-0.00711847164169763, -0.998320316097291, 0.0574967288538425],
                        [0.0231753329529964, -0.517147777152328, -1.08927186315510]
                    ]
}